,content,id,lat,location,lon,time,user,user_id
0,"To everything, turn, turn, turn...crisping up some pork belly for the first of eight clients‚Ä¶ https://t.co/ISCzyTioOZ",968148589875728384,-71.09713,"Boston, MA",42.37055,2018-02-26 15:39:45,bostonburger,80856616
1,@NEAQ @CenterOceanLife John Mandelman inspiring action and mobilization for thriving oceans at the @medialab.‚Ä¶ https://t.co/cTMUQ8Z5of,968146048148475906,,,,2018-02-26 15:29:39,janewolfson2,315541589
2,"RT @hoover_dam: @kevincollier @EdgeofSports Hey that's not fair

It's also the go-to for hillbilly incest jokes
[I'm originally from wheeli‚Ä¶",968145079100755970,,"New York, New York",,2018-02-26 15:25:48,KFCMF,321576546
3,"Accident, right lane blocked in #Boston on Storrow Dr at Fenway #traffic https://t.co/AoTr5OKtFq",968144523380617216,-71.093,"Boston, MA",42.3512,2018-02-26 15:23:36,TotalTrafficBOS,249393984
4,"Congrats, Jo!!! 25th #weddinganniversary !! #worklife #silver #happy #loveisgreat @ British‚Ä¶ https://t.co/aGAjaHEQvl",968141700718833665,-71.0832,Massachusetts,42.36273,2018-02-26 15:12:23,MCLampaSays,32022463
5,"Happy birthday to my baby‚ù§Ô∏èüòòno longer a teen lmaooooo, ily!!!!! ‚ù§Ô∏è‚ù§Ô∏è‚ù§Ô∏è‚ù§Ô∏è‚ù§Ô∏è‚ù§Ô∏è‚ù§Ô∏è‚ù§Ô∏è‚ù§Ô∏è‚ù§Ô∏è‚ù§Ô∏è‚ù§Ô∏è‚ù§Ô∏è‚ù§Ô∏è‚ù§Ô∏è‚ù§Ô∏è‚ù§Ô∏è https://t.co/WUqQGvQ8Qq",968139333843800064,,"Boston, MA",,2018-02-26 15:02:59,Newchurchie,748580948
6,In 4 hrs: Trevor Watts &amp; Dexter Gordon Featured on WMBR's Research &amp; Development Program,968138589564436481,-71.083889,"Cambridge, MA",42.362222,2018-02-26 15:00:01,wmbr,15673749
7,"This thursday, march 1st at 3pm @ The Berklee Bookstore https://t.co/GG0uCoaRFS",968135345412993031,-71.088367,USA,42.34707,2018-02-26 14:47:08,jetroscholar,27477923
8,"Belle chronique de @YanickLahens sur la Francophonie en¬†Ha√Øti. Mais il y a une autre histoire √† l‚Äôinstar de Fanon,‚Ä¶ https://t.co/YjHMazW6YN",968132133310132224,,MIT,,2018-02-26 14:34:22,MichelDeGraff,2203470013
9,Nice... https://t.co/qYx9xiZBe0,968131553502093312,,"Boston, MA",,2018-02-26 14:32:04,OnlyInBOS,700903452
10,Yeeeeuuuur come pull up for #cliquetuesday &amp; get litty litty chicken‚Ä¶ https://t.co/50GnVS4mz9,968130914130845697,-71.1011,,42.36348,2018-02-26 14:29:31,Surrizle15,183125411
11,"@kevincollier @EdgeofSports Hey that's not fair

It's also the go-to for hillbilly incest jokes
[I'm originally from wheeling]",968125908849774592,,02139,,2018-02-26 14:09:38,hoover_dam,35197742
12,"CONGRATULATIONS to Sasso &amp; Company on a tremendous weekend of art &amp; passion, ""deeply rooted"" in‚Ä¶ https://t.co/Z9ks4T6vS7",968125338546003969,-71.10233,536 Mass Ave. Cambridge MA,42.36419,2018-02-26 14:07:22,DanceComplex,2218022312
13,@darrylayo OH YEAH LET'S TAKE THIS OUTSIDE AYO,968122731962208256,,02139,,2018-02-26 13:57:00,hoover_dam,35197742
14,"I'm at Clover Food Lab KND - @cloverknd in Cambridge, MA https://t.co/yblVHEetoc",968121874558455808,-71.08725928,"Somerville, MA",42.36255507,2018-02-26 13:53:36,mooshu1x2,2327296483
15,Today: launrdy,968119446962401281,,02139,,2018-02-26 13:43:57,hoover_dam,35197742
16,Breakfast of Champions: This weeks Band of the Week at 8:30 am: The Decemberists,968114681138307074,-71.083889,"Cambridge, MA",42.362222,2018-02-26 13:25:01,wmbr,15673749
17,Let‚Äôs hope this is my last photo featuring snow for a while. #boston #winter #springcomenow @‚Ä¶ https://t.co/xgMa95nJA9,968109211497451520,-71.08761,"Boston, MA",42.37192,2018-02-26 13:03:17,HamblinMarcus,79810049
18,"Want to work at Massachusetts Institute of Techn...? We're #hiring in #Cambridge, MA! Click for details:‚Ä¶ https://t.co/if9dcHb0uM",968108184857559040,-71.0824613,"Boston, MA",42.3635847,2018-02-26 12:59:12,tmj_bos_edu,21799895
19,"MICHAEL is the FREE rose name of the day! If that‚Äôs your name, stop by the shop in Central Square, #CambMA today 2/‚Ä¶ https://t.co/gLRjmBf9zv",968101954181353472,,"653 Mass Ave. Cambridge, MA",,2018-02-26 12:34:26,csflorist,42252757
20,#mondaymotivation { i } https://t.co/8ayWPxlcmt,968093582098944000,-71.08370089,"Boston, MA",42.34886509,2018-02-26 12:01:10,ideaspaceboston,1723062008
21,"These sweet friends stopped me in my tracks on my morning run.
#newburystreet #getinmycloset‚Ä¶ https://t.co/pEcywjR3Ru",968092778273099776,-71.07919604,"Boston, MA",42.35014959,2018-02-26 11:57:59,DeanWenner,18778720
22,Up to 59% Off at Mogi'z Salon and Art Gallery - Cambridge https://t.co/Y4eCsdU6xW,968082502727471105,-71.0854,"Boston, MA",42.3716,2018-02-26 11:17:09,SB_BostonDeals,535415623
23,"Join the Canon U.S.A., Inc. team! See our latest #job opening here: https://t.co/qOuQ9rBGdj #BusinessMgmt #Cambridge, MA #Hiring",968074715393794049,-71.0935083,"Irvine, CA",42.3659295,2018-02-26 10:46:12,DToolboxJobs,1058710904
24,@davidhogg111 @eBay @amazon @USPS @NRATV @davidhogg111 @amazon owns @eBay,968004814503280641,,"cambridge, ma 02139",,2018-02-26 06:08:27,mirandaLevy333,124232294
25,"This üåß weather has us wanting to go out for a movie, so the #icelympics2018 $25 gift card is to @KendallCinema! üé¨‚Ä¶ https://t.co/3zYUw9PWT5",967974138861309957,,,,2018-02-26 04:06:33,CXCambridge,869997838910062592
26,Thank You @BackBaySocial for the #BDay love!! Shout outs to Carly Michele and Chris!! https://t.co/Edl4zkViHl,967969761811402752,,"Boston, MA",,2018-02-26 03:49:09,BostonAttitude,355686812
27,BU Last Chance Meet„Åß1mile‚Ä¶ https://t.co/ZYbbz0xrAB,967963046768504833,-71.0997,,42.3496,2018-02-26 03:22:28,8810_0411,4825599110
28,"(Go, Roku, and Nana all quickly figured out that the mystery dot was a toy that went away)",967961939132510209,,02139,,2018-02-26 03:18:04,hoover_dam,35197742
29,"I'm at @MaxBrennerUsa in Boston, MA https://t.co/28eXCs4W2h",967961607241334784,-71.08100653,"Boston, MA",42.34925955,2018-02-26 03:16:45,NA98c,924789265309011969
30,"Mike just introduced Hachi to the laser pointer, and now Hachi is REALLY confused about where the mystery dot keeps going",967961486936166402,,02139,,2018-02-26 03:16:16,hoover_dam,35197742
31,"I think that I'll keep loving you, way past sixty-five.

We made a language for us two, we don't need to describe.‚Ä¶ https://t.co/bhpxplDi8G",967958242340036608,,"Boston, MA",,2018-02-26 03:03:23,OnlyInBOS,700903452
32,take us to paradise ‚≠êÔ∏èÔ∏è full video link in bio @ The Berklee Voice Department https://t.co/LIKrctTXRI,967954903955107840,-71.0894089,Under the bridge,42.3466949,2018-02-26 02:50:07,bittymacbeth,82059112
33,What a way to end the 2018 championship. Conference 400 free relay champions. https://t.co/RlDqqGa4yD,967948477098586112,,"Norton, Mass.",,2018-02-26 02:24:35,WheatonMass_AD,349131868
34,"CANT WAIT 4 TAILG8s @ Zac Brown Band, Fenway Park https://t.co/h8BU2DfgB2",967947145608245248,-71.09725986,"Florence, NJ",42.34641854,2018-02-26 02:19:17,katkrywy,433886070
35,"Here‚Äôs The Video of The Day! ‚ÄúGAIA‚Äù by @1kaz2 Drum Solo, alternate take,
Enjoy! Happy Sunday! @‚Ä¶ https://t.co/59AcEVAOVl",967942527407087621,-71.0870288,"Boston, MA",42.3462856,2018-02-26 02:00:56,VladeGuigni,79611240
36,Brunch date üíôüç¥üçæ @ Abe &amp; Louie's https://t.co/sc0ZDdaHlF,967941417157799936,-71.08159,Mrs. Aboujaoude ‚ù§Ô∏è,42.34922,2018-02-26 01:56:31,KathrynLynHam,259883500
37,Hey guys! Just a little note that I will be live-streaming on Facebook Wednesday night at 8pm‚Ä¶ https://t.co/1cE0CLvx2Q,967939731085381632,-71.08705233,"Nashville, TN",42.34705943,2018-02-26 01:49:49,AmeliaEOfficial,1453292240
38,"RT @hoover_dam: Oh, but when WE do it, it's ""ugh MLS nerds"" https://t.co/G74al4R0in",967939474683547649,,"Flurridah, Cuckmerica",,2018-02-26 01:48:48,Battlehork,55090714
39,"Oh, but when WE do it, it's ""ugh MLS nerds"" https://t.co/G74al4R0in",967938975011885061,,02139,,2018-02-26 01:46:49,hoover_dam,35197742
40,"@jeff_lemieux @BrianDunseth oh god

my last four broken bones...",967931268414541829,,02139,,2018-02-26 01:16:12,hoover_dam,35197742
41,Wishing my momma would visit every weekend...or just move to Boston already üòâ #latergram‚Ä¶ https://t.co/ELtNZWZL1s,967927730170773504,-71.08159,"Boston, MA",42.34922,2018-02-26 01:02:08,blovedboston,19242140
42,"It‚Äôs almost time folks! 
@skinnylister 
#MiddleEastNightclub @ Middle East Restaurant and‚Ä¶ https://t.co/bNZ4EIctg3",967927029323747329,-71.10143,"S.Dartmouth, MA",42.36386,2018-02-26 00:59:21,picsbyadam,553824400
43,@DLoesch @benshapiro Must be tough for your kids to learn that their mom is a sociopath who works to make life more‚Ä¶ https://t.co/vamhQSYAPm,967926519065694208,,"Boston, MA",,2018-02-26 00:57:20,jfleming2870,1157923518
44,"@OkigboHTX Does this also apply to ""if he says he wouldn't jump the fence for Michael B. Jordan...?""",967921886448496642,,02139,,2018-02-26 00:38:55,hoover_dam,35197742
45,"Flexin on em with a school record, and a big PR in the 3K tonight! @ Boston University https://t.co/rryEfw4UUT",967918770319757314,-71.0997,"Evanston, IL",42.3496,2018-02-26 00:26:32,nuxc_wildcats,556166026
46,Pues creo que esta versi√≥n quedo mejor o que? üòÇ‚ù§Ô∏è que dicen ahora #Origami feat jcuellog en‚Ä¶ https://t.co/aLDDbpYSlB,967917819726827520,-71.08705233,Quito,42.34705943,2018-02-26 00:22:45,mcattanimusic1,714251132713959428
47,"is it just me or does everyone have those ""cousins"" who it takes 3 family tree diagrams and 4 stories dating back t‚Ä¶ https://t.co/ABqHPdOKhJ",967916352995545088,,02215,,2018-02-26 00:16:56,adgiasson,275239115
48,Jamming over some the1975 featuring ebcordapea in the floor üòÇü§òüèºüï∫üèº #berklee‚Ä¶ https://t.co/fviuFYDi5J,967912682392375296,-71.0870288,"Bogot√°, D.C., Colombia",42.3462856,2018-02-26 00:02:21,martingonar,782609083
49,@stratktten Yay!,967912672560893952,,02139,,2018-02-26 00:02:18,hoover_dam,35197742
50,Jamming over some 1975 featuring ebcordapea in the floor üòÇü§òüèº#1975 #shesamerican #80s #berklee‚Ä¶ https://t.co/bOfNickwiX,967911818260877312,-71.0870288,"Bogot√°, D.C., Colombia",42.3462856,2018-02-25 23:58:55,martingonar,782609083
51,@brianphillips https://t.co/U15XI0FsBC,967911371194159104,,02139,,2018-02-25 23:57:08,hoover_dam,35197742
52,"@IISuperwomanII show at my college, thought you might like to see! https://t.co/41X6RbKqlS",967906299831836672,,Nerdfighteria,,2018-02-25 23:36:59,FeministOnFire4,2990146663
53,"Excited to be speaking tomorrow at 2:30pm on oceans, science communication, and museums: link to the live stream he‚Ä¶ https://t.co/sfkgqb1UN5",967904921331879936,,"Philadelphia, PA",,2018-02-25 23:31:30,sepoulton,14502889
54,"#Vegan #dessert 
Cherry pie with Vegan Whipped Cream

Veggie Galaxy 
#CentralSq #CambridgeMA @‚Ä¶ https://t.co/CKoKQFyqZq",967902828852375552,-71.1011,"Malden, MA",42.36348,2018-02-25 23:23:11,Alexa1018,72064773
55,"Lots of good stuff from a recent trip to commonwealthcambridge #kendallsquare #cambridge,‚Ä¶ https://t.co/WVDhen6lm7",967900314367152130,-71.08256,"Somerville, MA",42.36327,2018-02-25 23:13:12,blumie,14575152
56,I ‚ù§Ô∏è Korean BBQ! I‚Äôve been eating at #Koreana for as long as I can remember ‚Äî even had my‚Ä¶ https://t.co/wV0rcMKUdK,967894725792497664,-71.10093,"Massachusetts, USA",42.36906,2018-02-25 22:50:59,BalzerDesigns,228832947
57,"#Vegan food
Chic'n &amp; Waffles

(With vegan blue cheese for the chick'n &amp; maple syrup for the‚Ä¶ https://t.co/b2gxtnaKZY",967893838642728961,-71.1011,"Malden, MA",42.36348,2018-02-25 22:47:28,Alexa1018,72064773
58,"Hipster @EvanDrellich won‚Äôt name his source, but we all know he went to the Borges school of sourcing and won‚Äôt jus‚Ä¶ https://t.co/0d3Y9TMG17",967891308487626753,,"Boston, MA",,2018-02-25 22:37:25,SoxTrump,867527705633402880
59,"I'm at Target in Cambridge, MA https://t.co/mVw2m6uRRF",967890354677706752,-71.10263418,"Boston, MA",42.36461678,2018-02-25 22:33:37,sirsim,16856267
60,Lol I got so much pizza omg@ https://t.co/VkS9470ddZ,967889285524402177,,"Boston, MA",,2018-02-25 22:29:22,verynormalgrl,339430371
61,Friends of the victim who was assaulted last night in her apartment near Hemenway and Westland are hoping for a cha‚Ä¶ https://t.co/2R7IduuJfO,967883419265961984,,"Boston, MA",,2018-02-25 22:06:04,chetanrakieten,79167939
62,@stannenb Well you never know he might be a white dude,967880330546958336,,,,2018-02-25 21:53:47,geep9,28477466
63,"My drums are so scary I love it üòà 
#berklee #studio #drums #dw #pretty #red @ Berklee College of‚Ä¶ https://t.co/YNmX6FAukA",967880266948603904,-71.0870288,USA,42.3462856,2018-02-25 21:53:32,leah_bluestein,1497294564
64,Had a great time at ImprovBoston‚Äôs College Comedy Festival! üéâ https://t.co/AEFbrRFQP9,967878415679410176,,"Wenham, MA",,2018-02-25 21:46:11,SweatyTooth,527707911
65,"Last night the brogod @eeyonrazco was killin shitüíØ
#HopelessDreamsMusicGroup 
Shot and edited by‚Ä¶ https://t.co/PlYanQjdGk",967876978681483265,-71.10143,"Boston, MA",42.36386,2018-02-25 21:40:28,CarnagexDreams,235697291
66,"30 second drop over the course of my college rowing career is pretty sick, honestly",967875111972933632,,02139,,2018-02-25 21:33:03,lizd0m,181470519
67,I‚Äôm with Burr.,967873504178733057,,Emerson College,,2018-02-25 21:26:40,michaelprocco,2798911812
68,Playing a very special hometown gig this Friday https://t.co/HtXGCCg1ir.middleeast for #GrassfedDisco - I am so‚Ä¶ https://t.co/X8E6RUkU5q,967872487169159168,-71.1013003,"Brooklyn, NY",42.3638042,2018-02-25 21:22:37,_devonjames,213911250
69,"@JosieBeckerFC Well they didn't say white, they just said non black, so...[field of shrugs]",967869046963220482,,02139,,2018-02-25 21:08:57,hoover_dam,35197742
70,Roger #rockstar #thankful for being on a #great #team ‚ù§Ô∏èüëçüëç‚òïÔ∏èüé∂üåé @ IBM Cloudant https://t.co/xWBMYaaWVD,967865556102721536,-71.0793909,"Boston, MA",42.3654714,2018-02-25 20:55:05,ErikModahl,553989316
71,#latergram from #team dinner last week @ Eastern Standard Kitchen &amp;‚Ä¶ https://t.co/h9E2SCATEk,967863166007988224,-71.09564,"Boston, MA",42.34849,2018-02-25 20:45:35,hammmy_sammmy,193557981
72,watching rounders I think with a lot of people in Red Sox  nothing seems to ever happen @ Joe's‚Ä¶ https://t.co/zRTvB6bN8u,967851981766299648,-71.07956,,42.35066,2018-02-25 20:01:08,andyhornsblow,2990604845
73,"final day lunch run (@ Veggie Galaxy in Cambridge, MA w/ @modestmeows) https://t.co/qH67hFZ3DC",967848973749968896,-71.10105536,"Somerville, MAüá∫üá∏/Toronto, ONüá®üá¶",42.36368856,2018-02-25 19:49:11,FuzzyProxy,35568818
74,Pre-ordered Chidera Eggerue‚Äôs new book from amazon UK. @ MIT Museum https://t.co/qZBNv6RqxI,967848328624066561,-71.0975799,"iPhone: 42.356869,-71.107216",42.36243,2018-02-25 19:46:37,andrewhampshire,27763711
75,Rodney's reaction when he sees what we have hidden for Easter üê∞üíê https://t.co/yDgT88rJ7R,967846371855347712,,"Boston, MA",,2018-02-25 19:38:51,T2NewburySt,809758865235603456
76,My headphones make a weird vacuum sound at times,967843283069227011,,boston,,2018-02-25 19:26:34,v0xtheriot,55463249
77,"This will come as a surprise to no one, but #Brunch at @PuritanCo is üíØ üíØ üíØ 

#CambMA #webrunchhard https://t.co/uYu041Z4J3",967842852863692800,,"Boston, MA",,2018-02-25 19:24:52,HeyRatty,20189287
78,"Had a great time last night with gunnar_deh_drummar, tylerfeehery, @rogers__sean , and‚Ä¶ https://t.co/s3RbhCgyxB",967842549896564736,-71.08705233,,42.34705943,2018-02-25 19:23:40,ReeseMorin,1348411292
79,the joy of a cold and very wet day in Boston @ Joe's American Bar &amp; Grill Newbury Street https://t.co/8Ail6Xuowj,967841939579162624,-71.07956,,42.35066,2018-02-25 19:21:14,andyhornsblow,2990604845
80,Last Night sauce_saturdays was something else and all of these happy faces are not gonna let me‚Ä¶ https://t.co/ocAAOF9K0E,967841428540928002,-71.1015935,"Boston, MA",42.3636049,2018-02-25 19:19:12,Martyg84,82165450
81,We have a COFFEE GUY at Startup Weekend Blockchain in #Boston!  Thanks for all the awesome‚Ä¶ https://t.co/sW4I2yugYS,967838906124251136,-71.08019668,New York City,42.36572364,2018-02-25 19:09:11,RogerOsorio,23072334
82,koji spores @ Commonwealth Cambridge https://t.co/avGn4FRjmo,967836721529393153,-71.08256,"Boston, MA",42.36327,2018-02-25 19:00:30,Hybernaut,4678
83,This seems like really poor systems design more than anything. https://t.co/M5X45yXKpB,967833932275355649,,"Cambridge, MA",,2018-02-25 18:49:25,kevin_doyle,15926388
84,"One veal breast, two beef shanks, four elk shanks. Nine tables. #sauce bondircambridge @ Bondir‚Ä¶ https://t.co/N3LfeeP1P7",967831985627463680,-71.0977599,"Cambridge, MA",42.36829,2018-02-25 18:41:41,jwadebond,118948695
85,@Bjergsen but enough about my wife,967831116773298177,,"Cambridge, MA",,2018-02-25 18:38:14,Moomoomoo1,23379347
86,We brunch hard ü§© @ Puritan &amp; Company https://t.co/ciojoCnKo4,967830936686645252,-71.09686,"Boston, MA",42.37312,2018-02-25 18:37:31,amydeveau,55020058
87,Today‚Äôs #CYPN ERG trial great job!  One step towards the Dragon Boat team! Let‚Äôs do this!! https://t.co/jyHvAznyx4,967825195984740352,,,,2018-02-25 18:14:42,jfvaliente,185267908
88,"Purpleee Rainnnn ‚òîÔ∏è üëæ
‚Ä¢
‚Ä¢
‚Ä¢
#abidecambridge #amazingdelicious #Boston #BostonTeaParty #bottomsup‚Ä¶ https://t.co/UffGF3FQxG",967820055303122945,-71.0986961,"Cambridge, MA",42.3626014,2018-02-25 17:54:17,abidecambridge,867397423831896065
89,"TONIGHT: Purrfect Sundays with Banana Cat &amp; Detour!

Rsvp: https://t.co/GtxOXywCxB https://t.co/ytdxrrJxHn",967819503441674240,,"Cambridge, MA 02139",,2018-02-25 17:52:05,zuzubar,54668956
90,amazing fermented hot sauce from kyngbolete @ Commonwealth Cambridge https://t.co/A2btGIZsSk,967815105596608513,-71.08256,"Boston, MA",42.36327,2018-02-25 17:34:36,Hybernaut,4678
91,Have you considered an @robertmars commission or wondered about his thought process? Read below‚Ä¶ https://t.co/gqDcrP5xFk,967812565903519745,-71.07897,"Boston, MA",42.35081,2018-02-25 17:24:31,DTRModern,55348953
92,Nothing says breakfast like nestle #snocaps #movies dan_taylor_1979 @ Landmark's Kendall Square‚Ä¶ https://t.co/lQyFORaFQj,967809722261712896,-71.09962,"Boston, MA",42.36298,2018-02-25 17:13:13,JulieSchultz79,522208247
93,@tomwatson Don‚Äôt be such a dishonest hack. They were responding to her statement ‚ÄúI guess my time‚Äôs up.‚Äù https://t.co/cSXL1oxkXZ,967808222055796736,,"Boston, MA",,2018-02-25 17:07:15,jfleming2870,1157923518
94,Back again ltboston #kendallsquare #oscarwatch2018 #shorts #animated #mycrazylifeblog @‚Ä¶ https://t.co/hE0Gv0DInv,967807970636713984,-71.09962,"Boston, MA",42.36298,2018-02-25 17:06:15,JulieSchultz79,522208247
95,#Theaterlife https://t.co/3RiFG12ixD,967807643854262272,,New York,,2018-02-25 17:04:57,rezabehjat,124192544
96,Felix‚Äôs latest art work #tulips #kidsart #artclass #art #russianschool #russianznaykaschool @‚Ä¶ https://t.co/bPRTYzDhX2,967801169786671104,-71.09891,"Boston, MA",42.34869,2018-02-25 16:39:14,lexie144,13350532
97,Epic Long &amp; Strong class by @ellenjlondon powered by @Nike React w/ my speedy friends‚Ä¶ https://t.co/5nmVluUwlf,967797293964554240,-71.0983524,"Boston, MA",42.3620578,2018-02-25 16:23:50,cory1976,24252926
98,Bloody hell - would y‚Äôall check out this BYOBM masterpiece?! Shoutout to bostonfoodgram for‚Ä¶ https://t.co/hd00zOyJ7W,967795127161831424,-71.09449,"Boston, MA",42.34732,2018-02-25 16:15:13,LorettasTweetin,2499927606
99,koji-cured egg yolks @ Commonwealth Cambridge https://t.co/Cth17tWa0Q,967793811609894913,-71.08256,"Boston, MA",42.36327,2018-02-25 16:10:00,Hybernaut,4678
100,Still humming and vibrating form last night‚Äôs #crashfest.  So much great world music and‚Ä¶ https://t.co/yMKeixAqq3,967792975408451584,-71.0955,"Somerville, MA",42.34734,2018-02-25 16:06:40,timgri,41424195
101,When you‚Äôre in New England... always remember the chowdah üòä#nationalclamchowderday https://t.co/BijnHARB2B,967792590631395333,,"Boston, MA",,2018-02-25 16:05:08,towneboston,854019995382239235
102,Last one best one! Live results can be found by clicking the link in our bio.‚Ä¶ https://t.co/4sHOQcgsM1,967790956723539974,-71.0997,"Evanston, IL",42.3496,2018-02-25 15:58:39,nuxc_wildcats,556166026
103,smoked squash ketchup  at @ourcookquest soy/koji workshop @ Commonwealth Cambridge https://t.co/k2ITo0F7cO,967789745215623168,-71.08256,"Boston, MA",42.36327,2018-02-25 15:53:50,Hybernaut,4678
104,@cyborgmemoirs yr gal pal https://t.co/kO06qUhg1S,967789624331554817,,02139,,2018-02-25 15:53:21,hoover_dam,35197742
105,@TaylorTwellman No,967789405103587328,,02139,,2018-02-25 15:52:29,hoover_dam,35197742
106,"This class starts in a little bit! See you soon! 337 Newbury Street, Boston MA. Loft337 above‚Ä¶ https://t.co/Siah8ZHAEG",967789399567228929,-71.08668,"Boston, MA",42.34872,2018-02-25 15:52:28,MarleneBoyette,19899150
107,IT‚ÄôS TOO LATE TO COVER WHAT YOU‚ÄôVE DONE https://t.co/BTiUOXVYAL,967789288539742208,,02139,,2018-02-25 15:52:01,hoover_dam,35197742
108,The Ray and Maria Stata Center. Frank Gehry Architect en Massachusetts Institute of Technology‚Ä¶ https://t.co/uNkki5av3K,967788215343165440,-71.09167506,Venezuela,42.35912365,2018-02-25 15:47:45,rsilvam,51906357
109,@WanderinDreamr WHOA,967788089275027457,,02139,,2018-02-25 15:47:15,hoover_dam,35197742
110,When your coffee ‚òïÔ∏è mimics the cloud cover ‚òÅÔ∏è #coffee #sunday #rainyday #boston https://t.co/lzWmgkUGDp,967776985022914560,,"Boston, MA",,2018-02-25 15:03:08,Sonsie_Boston,118576247
111,"Shot on an iPhone X.
*
*
*
Not my iPhone X, but an iPhone X.‚Ä¶ https://t.co/Uo3Sxe2vcn",967768163562803201,-71.0839699,"Dallas, Texas",42.34936,2018-02-25 14:28:05,KanwalAziz,430357827
112,"Long &amp; Strong in the Nike React (@ Heartbreak Hill Running Company in Cambridge, MA) https://t.co/01ZGgCvcYl https://t.co/acO51pxMP0",967766124019449856,-71.09857756,"Boston, MA",42.36229294,2018-02-25 14:19:58,cory1976,24252926
113,"Here's an oldie, taken by the talented @zashcrafted at the House of Blues' Foundation Room‚Ä¶ https://t.co/taNifaEorv",967759065760829445,-71.0955,"Somerville, MA",42.34734,2018-02-25 13:51:56,PatrikGochez,371508736
114,Would love to know the story about these random sports trophies that are under Longfellow Bridge‚Ä¶ https://t.co/eeIigkoRed,967748245442179074,-71.07527778,"Oxfordshire, UK",42.36166667,2018-02-25 13:08:56,ernmander,15929575
115,Up to 49% Off Hairstyling Packages https://t.co/Y4eCsdCv9m,967742284908216326,-71.0811,"Boston, MA",42.3497,2018-02-25 12:45:15,SB_BostonDeals,535415623
116,Today: drawin‚Äô,967740595086258176,,02139,,2018-02-25 12:38:32,hoover_dam,35197742
117,But I bet he‚Äôll build a lot of infrastructure really really fast. https://t.co/buVuOb5FaE,967736945454538752,,"Cambridge, MA",,2018-02-25 12:24:02,kevin_doyle,15926388
118,Tart/sour. Lightly fruity. Smooth. Dry overall. Tart/tangy finish. Enjoyable. - Drinking a Paradise Burning by‚Ä¶ https://t.co/UdGDsHKX0O,967653243458342919,-71.0948,Massachusetts,42.3688,2018-02-25 06:51:26,Uncle__Jimbo,18320881
119,Pleasing saison type ale. Lightly fruity. Mild sweetness. Some citrus. Medium dry finish. Pleasant soft mouthfeel.‚Ä¶ https://t.co/chNBXZvMqe,967649374745645056,-71.0948,Massachusetts,42.3688,2018-02-25 06:36:03,Uncle__Jimbo,18320881
120,Its around 1AM at MIT campus and we are still judging the cool hacks. #MakeMIT2018 https://t.co/IeYVCG308j,967648602607771648,,United States,,2018-02-25 06:32:59,RollySeth,275890626
121,"#shiftdrink #frenchfries (@ Eastern Standard - @eskdboston in Boston, MA) https://t.co/clNRn2kXJl",967647812421898240,-71.09608387,"Boston, MA",42.34863748,2018-02-25 06:29:51,liquifiedboston,846317154
122,"See our latest #Boston, MA #job and click to apply: Surgical Technician Acute Care (OR) - Travel -‚Ä¶ https://t.co/5zFUVhE7A1",967647434925998085,-71.1002881,,42.3476181,2018-02-25 06:28:21,WorkWithSHC,2587789764
123,"Mija! (@ Sonia for Mija in Cambridge, MA) https://t.co/spIqxvebhg",967641128429289472,-71.101593,"Boston, MA",42.363362,2018-02-25 06:03:17,Martyg84,82165450
124,"Mija! (@ The Middle East Downstairs - @mideastclub in Cambridge, MA) https://t.co/6ILYPAhYy9",967640970992013312,-71.10154438,"Boston, MA",42.36371821,2018-02-25 06:02:40,Martyg84,82165450
125,@hudsontaylor Care üíô @ Middle East Restaurant and  Nightclub https://t.co/RpVYwVXviK,967627082091155457,-71.10143,,42.36386,2018-02-25 05:07:28,MandyMonge,63561329
126,"I finally got to meet this doll! @LaganjaEstranja is such a sweetheart, can't wait to see you kill it on stage üíö (A‚Ä¶ https://t.co/HsQG4210oT",967625499169165312,,"Somerville, MA",,2018-02-25 05:01:11,MaladyMesser,1191864242
127,"FRONT OF ROOM: ""fuck off Hazu"" https://t.co/AVpaGQtcsK",967625478902296578,,02139,,2018-02-25 05:01:06,hoover_dam,35197742
128,Waited 2 years to see @gabrielleaplin the first time &amp; 4 more to see her again. Please come back‚Ä¶ https://t.co/trTTq65Bdh,967625347939360768,-71.10143,,42.36386,2018-02-25 05:00:35,MandyMonge,63561329
129,"Some of the best ramen I've had in the US 

EZ https://t.co/zTLbn94isy",967625034259943424,,"Chicago, IL",,2018-02-25 04:59:20,JunaUSA,20481936
130,"2nd Time Around (@ Beantown Taqueria in Cambridge, MA) https://t.co/I9yIrL9ZFM",967624022673543168,-71.09732065,"Roxbury, MA",42.36159308,2018-02-25 04:55:19,ENIGMUE,55633313
131,"A really good ‚Äúdouble Witbier‚Äù.  Fruity citrusy (orange &amp; lemon). Smooth. Dry finish with pleasant, fruity aftertas‚Ä¶ https://t.co/RNw1KuJeEQ",967620035446497280,-71.0908,Massachusetts,42.3665,2018-02-25 04:39:28,Uncle__Jimbo,18320881
132,Wonderful beer. Tart and fruity. Complex flavors. - Drinking a Cerise Cass√©e (2018) by @CamBrewingCo at‚Ä¶ https://t.co/yAbq4Qp95g,967619300860268544,-71.0908,Massachusetts,42.3665,2018-02-25 04:36:33,Uncle__Jimbo,18320881
133,"@kamajoros @combledore do it, both of you, you have only so much time left the kids are too young to put up a fight about it",967619141875224576,,02139,,2018-02-25 04:35:55,hoover_dam,35197742
134,@MLSist https://t.co/XjdBK9H7cW,967618948886876160,,02139,,2018-02-25 04:35:09,hoover_dam,35197742
135,"@miketoole but yes, Bluefield, about as far south in WV as you get, to the racetrack in Charlotte is a shade under‚Ä¶ https://t.co/X5yxTQvNQ2",967618730434990080,,02139,,2018-02-25 04:34:17,hoover_dam,35197742
136,"#HappyBirthDay s/o to everyone I met tonight (at @LordHoboBar in Cambridge, MA w/ @nickholroyd) https://t.co/mDSKEDZQPq",967618381242339329,-71.09484454,"Roxbury, MA",42.36878371,2018-02-25 04:32:54,ENIGMUE,55633313
137,"@miketoole Besides calling it ""the 85,"" which nobody outside the west coast uses ""the"" for highways...also, our accents aren't that thick..",967617994603057152,,02139,,2018-02-25 04:31:22,hoover_dam,35197742
138,My brown eye girl @ The Bebop https://t.co/wDf7m7Utlp,967614492212330496,-71.08872,Garland,42.34674,2018-02-25 04:17:27,robbye_rob,14871945
139,Having a great time @ The Bebop https://t.co/bK0FBby4K7,967612043426783238,-71.08872,Garland,42.34674,2018-02-25 04:07:43,robbye_rob,14871945
140,Only in Boston @ The Bebop https://t.co/M17hV50tWv,967608555300728833,-71.08872,Garland,42.34674,2018-02-25 03:53:51,robbye_rob,14871945
141,I bet he's gonna keep saying every single fish dong you can make isn't the right one https://t.co/3FogKuAMaA,967602146442084352,,02139,,2018-02-25 03:28:23,hoover_dam,35197742
142,"@miketoole I liked it but there were a couple of regional errors that took me right out of it almost immediately, a‚Ä¶ https://t.co/qC16Lg3zUK",967601896511950854,,02139,,2018-02-25 03:27:23,hoover_dam,35197742
143,"@CathalConlon saaaaay, we should talk this week",967600070127386625,,02139,,2018-02-25 03:20:08,hoover_dam,35197742
144,Hanging out after the show @ The Bebop https://t.co/BGmZxkOjAh,967600067573055489,-71.08872,Garland,42.34674,2018-02-25 03:20:07,robbye_rob,14871945
145,"Puppy love üê∂
#üåπ #dogswatchingtv #willyouacceptthisrose #miniaussie #rescuedogsofinstagram‚Ä¶ https://t.co/lVrtto3YoP",967596593301151749,-71.08,"Boston, MA",42.3667,2018-02-25 03:06:19,BLarsenAFC1886,39811455
146,"New lil tune I‚Äôve been workin on. ‚ÄúNo Label‚Äù 

humans are weird and complex and amazing and‚Ä¶ https://t.co/ckccmAr1jl",967590904520429568,-71.08705233,,42.34705943,2018-02-25 02:43:43,MsCindyLatin,134128284
147,"#NP #Clipse #ChineseNewYear #TheNeptunes #RoscoePColdchain (@ MBTA Central Square Station - @mbtagm in Cambridge, M‚Ä¶ https://t.co/T2ECpoHKqh",967590720495341568,-71.10348833,"Roxbury, MA",42.36528934,2018-02-25 02:42:59,ENIGMUE,55633313
148,boston you are. tight. thank you @redroom939 for giving me a stage on which to yell my journal at people xxxxxxxxxx‚Ä¶ https://t.co/6SCHeFMhQd,967590565851402240,,nyc,,2018-02-25 02:42:22,iamstrikesmusic,2276837834
149,Next bar.Enoteca at Eataly https://t.co/cxmtoL7VaY,967590098131963905,,"Massachusetts, USA",,2018-02-25 02:40:31,bs2537,3506180177
150,#buythisbeer dank and tasty - Drinking a Tossing Seeds by @LostNationBrew at @lordhobobar  ‚Äî https://t.co/IUp33r9Bn9,967588090553470976,-71.0948,,42.3688,2018-02-25 02:32:32,BeerWithBrenner,750810229084983297
151,This week‚Äôs $50 #icelympics2018 gift card is to @LoneStar_Camb! üåÆüåÆüåÆ #icesculpture #cambma https://t.co/5qN2eO1zc4,967586635440447493,,,,2018-02-25 02:26:45,CXCambridge,869997838910062592
152,More beautiful together #crashfest @CRASHarts @ House of Blues Boston https://t.co/Umw8pTyJ4K,967584309271056386,-71.0955,,42.34734,2018-02-25 02:17:30,Flaxenlenape,115687928
153,"@taterpie Lipo, lose some of the ol saddlebags",967582214786514944,,02139,,2018-02-25 02:09:11,hoover_dam,35197742
154,"After being done working for the day, I‚Äôve decided to treat myself with a yummy sushi dinner.‚Ä¶ https://t.co/D9J2kdWZUj",967581086447419392,-71.0886,"Boston, MA",42.34683,2018-02-25 02:04:42,elisaguitarist,567214481
155,It has been too long that I've been without this man and this voice. #asilentfilm #wreckingball‚Ä¶ https://t.co/4zgBGnLgI2,967581049558618112,-71.08505,"Cape Cod, MA",42.34824,2018-02-25 02:04:33,JoeMcClure,25409383
156,@jeff_lemieux tell eddie robinson I said greensboro sucks,967576847516078082,,02139,,2018-02-25 01:47:51,hoover_dam,35197742
157,"Hello, beautiful. Thank you #universalchurchofbernadston. gretsch @ Guitar Center https://t.co/w1xREYIeSa",967575876236906498,-71.09613955,"Boston, MA",42.34539396,2018-02-25 01:44:00,dannrusso,14932388
158,@JosieBeckerFC I beat you to that one,967574024577585154,,02139,,2018-02-25 01:36:38,hoover_dam,35197742
159,It's like that guitar was born in her hands. #iamstrikes @ The Red Room @ Cafe 939 https://t.co/20v3CYL6Hn,967570754157142021,-71.08505,"Cape Cod, MA",42.34824,2018-02-25 01:23:39,JoeMcClure,25409383
160,Underneath the Fenway Park. https://t.co/sw80I3Eg7l,967570258616823808,,"Massachusetts, USA",,2018-02-25 01:21:40,bs2537,3506180177
161,Color me very impressed! #iamstrikes @ The Red Room @ Cafe 939 https://t.co/ojsnagEj22,967569444993200133,-71.08505,"Cape Cod, MA",42.34824,2018-02-25 01:18:26,JoeMcClure,25409383
162,Looking to satisfy your late night ice cream cravings? Our Newbury location is open‚Ä¶ https://t.co/WWGL1V6b9T,967569322192392192,-71.0789658,"Boston, MA",42.3503033,2018-02-25 01:17:57,BenJerryBoston,89254883
163,"5 more hours before judging starts, can‚Äôt wait to see all the #JetsonTX2 projects #MakeMIT #Hackathon #Nvidia https://t.co/2Fi0w0UHJ2",967568595881484290,,always on the ‚úà,,2018-02-25 01:15:04,qoomui,284351030
164,#buythisbeer #drinklocal tequila barrel sour - Drinking a Tequila Me Softly by @springdalebeer at @lordhobobar  ‚Äî https://t.co/qaY2Sj8hjt,967567735726268417,-71.0948,,42.3688,2018-02-25 01:11:39,BeerWithBrenner,750810229084983297
165,@sandypsj @StickFigureMan Plus an excuse to go to Yellowstone!,967567096761733120,,,,2018-02-25 01:09:07,geep9,28477466
166,"@jessekb Maybe we should get a mall in Harvard square? (Just kidding, I think)",967565491156979712,,,,2018-02-25 01:02:44,geep9,28477466
167,The team who uses the #JetsonTX2 dev kit the best will win #NintendoSwitch #computervision #DeepLearning #MakeMIT‚Ä¶ https://t.co/lISDhpM4Zk,967563438162677771,,always on the ‚úà,,2018-02-25 00:54:34,qoomui,284351030
168,Killer set by newpolimusic at @CRASHarts #crashfest @ House of Blues‚Ä¶ https://t.co/JmPz2E1BC8,967559571458920448,-71.0955,,42.34734,2018-02-25 00:39:12,Flaxenlenape,115687928
169,As good as it looks. #foodstagram #hojokoboston @hojokoboston @ Hojoko - Boston https://t.co/m27ege3Yg9,967558270415200256,-71.09648,"Cambridge, MA",42.34507,2018-02-25 00:34:02,Bookdwarf,20000460
170,It‚Äôs a lazy #Caturday evening full of cuddles in #BackBay! I wouldn‚Äôt have it any other way.‚Ä¶ https://t.co/aFgRwjCvUE,967553782954582016,-71.08035556,"Boston, MA",42.35129444,2018-02-25 00:16:12,mindy_bartleson,1225594069
171,"@robshaw_vansun It‚Äôs a dumb and selfish viewpoint, actually.",967553218032078848,,"Boston, MA",,2018-02-25 00:13:58,jfleming2870,1157923518
172,Discover hidden gems with the help of our latest thrifty blog post - up now! By alliekuo @‚Ä¶ https://t.co/4r4oqqHGfY,967552377015492613,-71.09285,"Boston, MA",42.366,2018-02-25 00:10:37,THEAVENUEmag,2229328298
173,"A fun evening of music, dance and food from all over the world. What more do you need in life? @CRASHarts‚Ä¶ https://t.co/J7yzF3xCsM",967551131370049536,,"Boston, MA",,2018-02-25 00:05:40,purnimathakre,109667600
174,Hello Boston! ‚öæÔ∏è #day1 #bostonsistertrip @ Fenway Park https://t.co/hrrNro23bY,967550297697603584,-71.0971914,"S√£o Paulo, Brasil",42.34644218,2018-02-25 00:02:21,JuliaHeleena,40556147
175,6th Annual Art Two Little Schoolhouse Art Show https://t.co/4Zz0ZoViZD,967549617800916993,,"Cambridge, Massachusetts",,2018-02-24 23:59:39,2LtlOwlsSchool,927915925
176,BREAKING: Jenna Hayden wins the 200 free NEWMAC title. Lydia DaCorte takes second place and Caitlin Dayley 6th.‚Ä¶ https://t.co/VsK63TlhE6,967548489239470081,,"Norton, Mass.",,2018-02-24 23:55:10,WheatonMass_AD,349131868
177,Its basically ‚Äògansett - Drinking an Imperial by Cerveceria Costa Rica (Florida Bebidas) @ A4cade  ‚Äî https://t.co/hGtwfY1n2G,967544980305739776,-71.0984,,42.3621,2018-02-24 23:41:14,BeerWithBrenner,750810229084983297
178,@LBerestecki @icehockeystick My new Sherbrooke Phoenix jersey is a lovely addition to my collection.,967544296164544512,,"Boston, MA",,2018-02-24 23:38:30,saladbar15,61311997
179,@DividedShane which one?,967542708318494721,,"Cambridge, MA",,2018-02-24 23:32:12,Moomoomoo1,23379347
180,#buythisbeer wild ale with plums - Drinking an Insetto by @Stillwater_Art @ A4cade  ‚Äî https://t.co/OIKfQPkD2e,967539118979903489,-71.0984,,42.3621,2018-02-24 23:17:56,BeerWithBrenner,750810229084983297
181,awo @mujiusa is cool. Got a dope new notebook. https://t.co/GdJMRraUdH,967536674732412928,,"Somerville, MA",,2018-02-24 23:08:13,ddfoxfriend,14079699
182,"See our latest #Brookline, MA #job and click to apply: Operations Supervisor - https://t.co/OhURxKSC03 #Retail #Hiring",967529724263129088,-71.1069218,United States,42.3496233,2018-02-24 22:40:36,CVSHealthJobs,563319506
183,"Residents of the Old Punks Home, there's a tv show and something at the Sloan Sports Conference named #7Seconds, no need to panic",967525599001694208,,02139,,2018-02-24 22:24:13,hoover_dam,35197742
184,@EmmaBowers can't say you don't have a brand,967525133769375745,,02139,,2018-02-24 22:22:22,hoover_dam,35197742
185,@EmmaBowers https://t.co/ld4Yt6wjAe,967524481152569345,,02139,,2018-02-24 22:19:46,hoover_dam,35197742
186,RT @hoover_dam: well at least he wasn't gonna be super busy this summer anyway https://t.co/Gz8GvN5Dmt,967522342372085760,,Giedi Prime,,2018-02-24 22:11:16,GFO1025,334374405
187,"1 night only (@ Eastern Standard - @eskdboston in Boston, MA) https://t.co/Qt16z8D1oL",967519310276120576,-71.09608387,terminal 2 @ sfo,42.34863748,2018-02-24 21:59:13,djcap,13418892
188,"Love that I can have an alcoholic beverage while watching a movie (or in this case, multiple‚Ä¶ https://t.co/MybldP3NI4",967514613666299904,-71.09962,"Boston, MA",42.36298,2018-02-24 21:40:34,JulieSchultz79,522208247
189,@DanskIndustri is wrapping up a great day at MIT with @CopenhagenIPA @DTUtweet @koebenhavns_uni @novonordisk and WiD https://t.co/lgBsRkPyW4,967509080939094017,,,,2018-02-24 21:18:35,LindaWendelboe,3317538555
190,Evolving sales from art to science with the best team at @MIT @carlosmart1nez @EvaLivre üöÄ https://t.co/MGR3wFidwE,967505817988722699,,Uruguay,,2018-02-24 21:05:37,binomialSUR,796418843304488965
191,Thank you @thalesgroup  @KeolisBoston @saintgobain @IpsenGroup @AmadeusITGroup  for coming today at @MIT‚Ä¶ https://t.co/DC7NBL0aef,967501629644779520,,"Boston, MA",,2018-02-24 20:48:58,FranceinBoston,30053267
192,@DaleMurphy3 you know that isn't his account right,967499987826495488,,"Cambridge, MA",,2018-02-24 20:42:27,Moomoomoo1,23379347
193,@normandieuniv discussing #EXCHANGE program and #StudyAbroad options with @CampusFrance at @MIT #EuropeanCareerFair‚Ä¶ https://t.co/xwDsnSq2WC,967499534069846018,,"Boston, MA",,2018-02-24 20:40:38,FranceinBoston,30053267
194,Acaba de publicar una foto en Harvard Bridge https://t.co/4Y2j6ABKga,967498988948684800,-71.09132,Quito~Ecuador,42.35457,2018-02-24 20:38:28,Eri864,141766816
195,"You can stand me up at the gates of hell but I {won't back down} #riptompetty 
.
.
.
#wallmurals‚Ä¶ https://t.co/8EzIWnxou4",967496083491508224,-71.0955,"Boston, MA",42.34734,2018-02-24 20:26:56,alyshafrank6,103366460
196,@NAGower @bensaufley  https://t.co/Vnptio0EWv,967495699733544961,,02139,,2018-02-24 20:25:24,hoover_dam,35197742
197,RT @zuzubar: TONIGHT: Soulelujah all vinyl old school dance party! https://t.co/BinpDD4s5m,967495140830056450,,"Boston, MA",,2018-02-24 20:23:11,OnYourTurntable,162734561
198,@Jim_Powell it literally doesn't matter,967494840895377411,,"Cambridge, MA",,2018-02-24 20:21:59,Moomoomoo1,23379347
199,@Valiantys @Witekio_int @Voluntis are also here for you @MIT #EuropeanCareerFair ! Only One hour left before closin‚Ä¶ https://t.co/YL29ASciVU,967492820989829124,,"Boston, MA",,2018-02-24 20:13:58,FranceinBoston,30053267
200,well at least he wasn't gonna be super busy this summer anyway https://t.co/Gz8GvN5Dmt,967492551312801792,,02139,,2018-02-24 20:12:54,hoover_dam,35197742
201,"@rubblewoman you can't waste that kind of punchline, no sir",967490606858756096,,02139,,2018-02-24 20:05:10,hoover_dam,35197742
202,"Harold is pretty good, I think I‚Äôll keep him. @ Trident Booksellers and Cafe https://t.co/RB85TExfKo",967490146479345664,-71.08720635,"Boston, MA",42.34826391,2018-02-24 20:03:20,simpsonsparadox,14892502
203,the smell of real ass genuine leather is so good,967489370868547588,,behind you,,2018-02-24 20:00:15,EhllYeah,521454404
204,@MIT #EuropeanCareerFair you can also meet with @cilcare #MakingHearingAPriority!! The R&amp;D #experts for drug develo‚Ä¶ https://t.co/4vKGCRgXoN,967489253826539520,,"Boston, MA",,2018-02-24 19:59:47,FranceinBoston,30053267
205,@edgar Como van? Parejos?,967489030068801541,,"Boston, MA",,2018-02-24 19:58:54,jayfallon,814754
206,"TONIGHT! @LaganjaEstranja takes over #MachineNightclub üôåüèΩ

18+
Doors at 10 PM
All Gender Bathrooms
Wheelchair Acces‚Ä¶ https://t.co/45cvBI3FqI",967488562756308998,,"Boston, MA",,2018-02-24 19:57:03,Machine_Boston,2890155377
207,"@tedlieu If I were a billion dollars underwater on my mortgage, you‚Äôre damned right I‚Äôd have other loyalties right‚Ä¶ https://t.co/tGNtVKbkEZ",967488521601798144,,"Boston, MA",,2018-02-24 19:56:53,jayfallon,814754
208,@sparklepipsi https://t.co/l1rbkOksDK wha,967488444032221185,,02139,,2018-02-24 19:56:34,hoover_dam,35197742
209,@smsaideman @RadioFreeTom If like to say the same about the title of certain courses that claim ‚Äúamazing magics‚Äù bu‚Ä¶ https://t.co/aOnKayMY8i,967487205408231427,,"Boston, MA",,2018-02-24 19:51:39,jayfallon,814754
210,I had a really dope time performing at @soniamideast with my sis @OompOutLoud for @oshuniverse here's how we felt i‚Ä¶ https://t.co/Xat3zq6UcF,967487102681313280,,My Insecurities ,,2018-02-24 19:51:14,cliffnotezz,129316510
